{"nodes":[{"name":0,"x":-16.500142704233728,"y": -68.13390254974365},
    {"name":1,"x":-16.499237,"y":-68.133409}],
    "paths":[{"id":0,"from":0,"to":1},{"id":1,"from":0,"to":1}]}
